﻿<?xml version="1.0" encoding="utf-8"?>

<Deployment xmlns="http://schemas.microsoft.com/windowsphone/2009/deployment" AppPlatformVersion="7.1">
  <App xmlns="" ProductID="{a2fb59f1-a74e-4cc7-a20b-3d7bc940b048}" Title="RemindMe" RuntimeType="Silverlight" Version="1.0.0.0" Genre="apps.normal"  Author="sddm technology" Description="RemindMe is a basic Reminder of tasks and events" Publisher="RemindMe">
    <IconPath IsRelative="true" IsResource="false">ApplicationIcon.png</IconPath>
    <Capabilities>
     
      <Capability Name="ID_CAP_IDENTITY_USER"/>
     
      <Capability Name="ID_CAP_MEDIALIB"/>
     
      <Capability Name="ID_CAP_NETWORKING"/>
      <Capability Name="ID_CAP_PHONEDIALER"/>
     
      <Capability Name="ID_CAP_WEBBROWSERCOMPONENT"/>
     
    </Capabilities>
    <Tasks>
      <DefaultTask  Name ="_default" NavigationPage="MainPage.xaml"/>
    </Tasks>
    <Tokens>
      <PrimaryToken TokenID="RemindMeToken" TaskName="_default">
        <TemplateType5>
          <BackgroundImageURI IsRelative="true" IsResource="false">Background.png</BackgroundImageURI>
          <Count>0</Count>
          <Title>RemindMe</Title>
        </TemplateType5>
      </PrimaryToken>
    </Tokens>
  </App>
</Deployment>
