﻿<?xml version="1.0" encoding="utf-8"?>

<Deployment xmlns="http://schemas.microsoft.com/windowsphone/2009/deployment" AppPlatformVersion="7.1">
  <App xmlns="" ProductID="{c01113d9-4530-49d2-bb95-b465d452d202}" Title="TrackMe" RuntimeType="Silverlight" Version="1.0.0.0" Genre="apps.normal"  Author="SDDM Technology" Description="Simple app to track times and distance of workouts" Publisher="SDDM Technology">
    <IconPath IsRelative="true" IsResource="false">ApplicationIcon.png</IconPath>
    <Capabilities>
      
      <Capability Name="ID_CAP_IDENTITY_DEVICE"/>
      <Capability Name="ID_CAP_IDENTITY_USER"/>
      <Capability Name="ID_CAP_LOCATION"/>
      
      <Capability Name="ID_CAP_NETWORKING"/>
      <Capability Name="ID_CAP_PHONEDIALER"/>
      
      <Capability Name="ID_CAP_SENSORS"/>
      <Capability Name="ID_CAP_WEBBROWSERCOMPONENT"/>
    
    </Capabilities>
    <Tasks>
      <DefaultTask  Name ="_default" NavigationPage="PanoramaPage1.xaml"/>
    </Tasks>
    <Tokens>
      <PrimaryToken TokenID="TrackMeToken" TaskName="_default">
        <TemplateType5>
          <BackgroundImageURI IsRelative="true" IsResource="false">Background.png</BackgroundImageURI>
          <Count>0</Count>
          <Title>TrackMe</Title>
        </TemplateType5>
      </PrimaryToken>
    </Tokens>
  </App>
</Deployment>
